{
  "id": "1337165",
  "name": "CGVC-OKR",
  "font_family": "iconfont",
  "css_prefix_text": "icon-",
  "description": "",
  "glyphs": [
    {
      "icon_id": "22844331",
      "name": "差旅费",
      "font_class": "chalvfei",
      "unicode": "e759",
      "unicode_decimal": 59225
    },
    {
      "icon_id": "22844332",
      "name": "费用分摊比例设置",
      "font_class": "feiyongfentanbilishezhi",
      "unicode": "e75a",
      "unicode_decimal": 59226
    },
    {
      "icon_id": "22844333",
      "name": "费用_pressed",
      "font_class": "feiyong_pressed",
      "unicode": "e75b",
      "unicode_decimal": 59227
    },
    {
      "icon_id": "22844334",
      "name": "超额提醒",
      "font_class": "chaoetixing",
      "unicode": "e75c",
      "unicode_decimal": 59228
    },
    {
      "icon_id": "22844335",
      "name": "工商类费用",
      "font_class": "gongshangleifeiyong",
      "unicode": "e75d",
      "unicode_decimal": 59229
    },
    {
      "icon_id": "22844336",
      "name": "费用_normal",
      "font_class": "feiyong_normal",
      "unicode": "e75e",
      "unicode_decimal": 59230
    },
    {
      "icon_id": "22844337",
      "name": "数据发布",
      "font_class": "shujufabu",
      "unicode": "e75f",
      "unicode_decimal": 59231
    },
    {
      "icon_id": "22844338",
      "name": "人力成本",
      "font_class": "renlichengben",
      "unicode": "e762",
      "unicode_decimal": 59234
    },
    {
      "icon_id": "22844339",
      "name": "猎头费",
      "font_class": "lietoufei",
      "unicode": "e781",
      "unicode_decimal": 59265
    },
    {
      "icon_id": "22844340",
      "name": "其他费用",
      "font_class": "qitafeiyong",
      "unicode": "e782",
      "unicode_decimal": 59266
    },
    {
      "icon_id": "22844341",
      "name": "固定办公费",
      "font_class": "gudingbangongfei",
      "unicode": "e783",
      "unicode_decimal": 59267
    },
    {
      "icon_id": "22844342",
      "name": "数据库费",
      "font_class": "shujukufei",
      "unicode": "e784",
      "unicode_decimal": 59268
    },
    {
      "icon_id": "22844343",
      "name": "外部咨询中介费",
      "font_class": "waibuzixunzhongjiefei",
      "unicode": "e785",
      "unicode_decimal": 59269
    },
    {
      "icon_id": "22844344",
      "name": "其他收入",
      "font_class": "qitashouru",
      "unicode": "e786",
      "unicode_decimal": 59270
    },
    {
      "icon_id": "22844345",
      "name": "业务招待费",
      "font_class": "yewuzhaodaifei",
      "unicode": "e787",
      "unicode_decimal": 59271
    },
    {
      "icon_id": "22734186",
      "name": "最近使用",
      "font_class": "zuijinshiyong",
      "unicode": "e760",
      "unicode_decimal": 59232
    },
    {
      "icon_id": "22734187",
      "name": "链接分享",
      "font_class": "lianjiefenxiang",
      "unicode": "e761",
      "unicode_decimal": 59233
    },
    {
      "icon_id": "22734189",
      "name": "移动到",
      "font_class": "yidongdao",
      "unicode": "e763",
      "unicode_decimal": 59235
    },
    {
      "icon_id": "22734190",
      "name": "外联管理",
      "font_class": "wailianguanli",
      "unicode": "e764",
      "unicode_decimal": 59236
    },
    {
      "icon_id": "22734095",
      "name": "编辑",
      "font_class": "bianji1",
      "unicode": "e765",
      "unicode_decimal": 59237
    },
    {
      "icon_id": "22734096",
      "name": "创建时间",
      "font_class": "chuangjianshijian",
      "unicode": "e766",
      "unicode_decimal": 59238
    },
    {
      "icon_id": "22734097",
      "name": "分享",
      "font_class": "fenxiang2",
      "unicode": "e767",
      "unicode_decimal": 59239
    },
    {
      "icon_id": "22734098",
      "name": "复制",
      "font_class": "fuzhi1",
      "unicode": "e768",
      "unicode_decimal": 59240
    },
    {
      "icon_id": "22734099",
      "name": "还原",
      "font_class": "huanyuan",
      "unicode": "e769",
      "unicode_decimal": 59241
    },
    {
      "icon_id": "22734100",
      "name": "共享",
      "font_class": "gongxiang1",
      "unicode": "e76a",
      "unicode_decimal": 59242
    },
    {
      "icon_id": "22734101",
      "name": "回收站",
      "font_class": "huishouzhan1",
      "unicode": "e76b",
      "unicode_decimal": 59243
    },
    {
      "icon_id": "22734102",
      "name": "矩阵视图",
      "font_class": "juzhenshitu",
      "unicode": "e76c",
      "unicode_decimal": 59244
    },
    {
      "icon_id": "22734103",
      "name": "链接分享",
      "font_class": "lianjiefenxiang1",
      "unicode": "e76d",
      "unicode_decimal": 59245
    },
    {
      "icon_id": "22734104",
      "name": "列表视图",
      "font_class": "liebiaoshitu",
      "unicode": "e76e",
      "unicode_decimal": 59246
    },
    {
      "icon_id": "22734105",
      "name": "排序",
      "font_class": "paixu",
      "unicode": "e76f",
      "unicode_decimal": 59247
    },
    {
      "icon_id": "22734106",
      "name": "企业文件",
      "font_class": "qiyewenjian1",
      "unicode": "e770",
      "unicode_decimal": 59248
    },
    {
      "icon_id": "22734107",
      "name": "取消分享",
      "font_class": "quxiaofenxiang",
      "unicode": "e771",
      "unicode_decimal": 59249
    },
    {
      "icon_id": "22734108",
      "name": "取消链接分享",
      "font_class": "quxiaolianjiefenxiang",
      "unicode": "e772",
      "unicode_decimal": 59250
    },
    {
      "icon_id": "22734109",
      "name": "取消共享",
      "font_class": "quxiaogongxiang1",
      "unicode": "e773",
      "unicode_decimal": 59251
    },
    {
      "icon_id": "22734110",
      "name": "删除",
      "font_class": "shanchu2",
      "unicode": "e774",
      "unicode_decimal": 59252
    },
    {
      "icon_id": "22734111",
      "name": "刷新",
      "font_class": "shuaxin1",
      "unicode": "e775",
      "unicode_decimal": 59253
    },
    {
      "icon_id": "22734112",
      "name": "上传",
      "font_class": "shangchuan2",
      "unicode": "e776",
      "unicode_decimal": 59254
    },
    {
      "icon_id": "22734113",
      "name": "搜索",
      "font_class": "sousuo3",
      "unicode": "e777",
      "unicode_decimal": 59255
    },
    {
      "icon_id": "22734114",
      "name": "文件名",
      "font_class": "wenjianming",
      "unicode": "e778",
      "unicode_decimal": 59256
    },
    {
      "icon_id": "22734115",
      "name": "文件位置",
      "font_class": "wenjianweizhi",
      "unicode": "e779",
      "unicode_decimal": 59257
    },
    {
      "icon_id": "22734116",
      "name": "外联管理",
      "font_class": "wailianguanli1",
      "unicode": "e77a",
      "unicode_decimal": 59258
    },
    {
      "icon_id": "22734117",
      "name": "下载",
      "font_class": "xiazai3",
      "unicode": "e77b",
      "unicode_decimal": 59259
    },
    {
      "icon_id": "22734118",
      "name": "最近使用",
      "font_class": "zuijinshiyong1",
      "unicode": "e77c",
      "unicode_decimal": 59260
    },
    {
      "icon_id": "22734119",
      "name": "展开工具栏",
      "font_class": "zhankaigongjulan",
      "unicode": "e77d",
      "unicode_decimal": 59261
    },
    {
      "icon_id": "22734120",
      "name": "隐藏工具栏",
      "font_class": "yincanggongjulan",
      "unicode": "e77e",
      "unicode_decimal": 59262
    },
    {
      "icon_id": "22734121",
      "name": "修改时间",
      "font_class": "xiugaishijian",
      "unicode": "e77f",
      "unicode_decimal": 59263
    },
    {
      "icon_id": "22734122",
      "name": "我的收藏",
      "font_class": "wodeshoucang1",
      "unicode": "e780",
      "unicode_decimal": 59264
    },
    {
      "icon_id": "22562765",
      "name": "云盘_normal",
      "font_class": "yunpan_normal",
      "unicode": "e757",
      "unicode_decimal": 59223
    },
    {
      "icon_id": "22562766",
      "name": "云盘_pressed",
      "font_class": "yunpan_pressed",
      "unicode": "e758",
      "unicode_decimal": 59224
    },
    {
      "icon_id": "22001246",
      "name": "证券投资管理",
      "font_class": "zhengquantouziguanli",
      "unicode": "e755",
      "unicode_decimal": 59221
    },
    {
      "icon_id": "22001247",
      "name": "入池申请",
      "font_class": "ruchishenqing",
      "unicode": "e756",
      "unicode_decimal": 59222
    },
    {
      "icon_id": "21448672",
      "name": "投融资事件库",
      "font_class": "tourongzishijianku",
      "unicode": "e74e",
      "unicode_decimal": 59214
    },
    {
      "icon_id": "21448673",
      "name": "风向标_pressed",
      "font_class": "fengxiangbiao_pressed",
      "unicode": "e74f",
      "unicode_decimal": 59215
    },
    {
      "icon_id": "21448674",
      "name": "投资机构库",
      "font_class": "touzijigouku",
      "unicode": "e750",
      "unicode_decimal": 59216
    },
    {
      "icon_id": "21448675",
      "name": "搜索",
      "font_class": "sousuo2",
      "unicode": "e751",
      "unicode_decimal": 59217
    },
    {
      "icon_id": "21448676",
      "name": "融资企业库",
      "font_class": "rongziqiyeku",
      "unicode": "e752",
      "unicode_decimal": 59218
    },
    {
      "icon_id": "21448677",
      "name": "风向标_normal",
      "font_class": "fengxiangbiao_normal",
      "unicode": "e753",
      "unicode_decimal": 59219
    },
    {
      "icon_id": "21448678",
      "name": "筛选",
      "font_class": "shaixuan",
      "unicode": "e754",
      "unicode_decimal": 59220
    },
    {
      "icon_id": "20184417",
      "name": "餐饮",
      "font_class": "canyin",
      "unicode": "e74d",
      "unicode_decimal": 59213
    },
    {
      "icon_id": "20184405",
      "name": "财务管理_normal",
      "font_class": "caiwuguanli_normal",
      "unicode": "e74b",
      "unicode_decimal": 59211
    },
    {
      "icon_id": "20184406",
      "name": "财务管理_pressed",
      "font_class": "caiwuguanli_pressed",
      "unicode": "e74c",
      "unicode_decimal": 59212
    },
    {
      "icon_id": "20167856",
      "name": "日程统计",
      "font_class": "richengtongji",
      "unicode": "e749",
      "unicode_decimal": 59209
    },
    {
      "icon_id": "20167857",
      "name": "确认",
      "font_class": "queren1",
      "unicode": "e74a",
      "unicode_decimal": 59210
    },
    {
      "icon_id": "20160146",
      "name": "关闭",
      "font_class": "guanbi3",
      "unicode": "e745",
      "unicode_decimal": 59205
    },
    {
      "icon_id": "20160147",
      "name": "工资条",
      "font_class": "gongzitiao1",
      "unicode": "e746",
      "unicode_decimal": 59206
    },
    {
      "icon_id": "20160148",
      "name": "人力_pressed",
      "font_class": "renli_pressed",
      "unicode": "e747",
      "unicode_decimal": 59207
    },
    {
      "icon_id": "20160149",
      "name": "人力_normal",
      "font_class": "renli_normal",
      "unicode": "e748",
      "unicode_decimal": 59208
    },
    {
      "icon_id": "19659346",
      "name": "确认",
      "font_class": "queren",
      "unicode": "e744",
      "unicode_decimal": 59204
    },
    {
      "icon_id": "19384387",
      "name": "全屏",
      "font_class": "quanping",
      "unicode": "e743",
      "unicode_decimal": 59203
    },
    {
      "icon_id": "19363638",
      "name": "返回",
      "font_class": "fanhui",
      "unicode": "e742",
      "unicode_decimal": 59202
    },
    {
      "icon_id": "19343367",
      "name": "已收藏",
      "font_class": "yishoucang",
      "unicode": "e73c",
      "unicode_decimal": 59196
    },
    {
      "icon_id": "19343368",
      "name": "已赞",
      "font_class": "yizan",
      "unicode": "e73d",
      "unicode_decimal": 59197
    },
    {
      "icon_id": "19343369",
      "name": "收藏",
      "font_class": "shoucang",
      "unicode": "e73e",
      "unicode_decimal": 59198
    },
    {
      "icon_id": "19343370",
      "name": "评分线性",
      "font_class": "pingfenxianxing",
      "unicode": "e73f",
      "unicode_decimal": 59199
    },
    {
      "icon_id": "19343371",
      "name": "点赞",
      "font_class": "dianzan1",
      "unicode": "e740",
      "unicode_decimal": 59200
    },
    {
      "icon_id": "19343372",
      "name": "下载",
      "font_class": "xiazai1",
      "unicode": "e741",
      "unicode_decimal": 59201
    },
    {
      "icon_id": "17916644",
      "name": "订阅_default",
      "font_class": "dingyue_default",
      "unicode": "e734",
      "unicode_decimal": 59188
    },
    {
      "icon_id": "17916645",
      "name": "订阅_pressed",
      "font_class": "dingyue_pressed",
      "unicode": "e735",
      "unicode_decimal": 59189
    },
    {
      "icon_id": "17916646",
      "name": "常见问题",
      "font_class": "changjianwenti",
      "unicode": "e736",
      "unicode_decimal": 59190
    },
    {
      "icon_id": "17916647",
      "name": "资讯_default",
      "font_class": "zixun_default",
      "unicode": "e737",
      "unicode_decimal": 59191
    },
    {
      "icon_id": "17916648",
      "name": "发版记录",
      "font_class": "fabanjilu",
      "unicode": "e738",
      "unicode_decimal": 59192
    },
    {
      "icon_id": "17916649",
      "name": "资讯_pressed",
      "font_class": "zixun_pressed",
      "unicode": "e739",
      "unicode_decimal": 59193
    },
    {
      "icon_id": "17916650",
      "name": "广告_default",
      "font_class": "guanggao_default",
      "unicode": "e73a",
      "unicode_decimal": 59194
    },
    {
      "icon_id": "17916651",
      "name": "广告_pressed",
      "font_class": "guanggao_pressed",
      "unicode": "e73b",
      "unicode_decimal": 59195
    },
    {
      "icon_id": "15163768",
      "name": "电子签约",
      "font_class": "dianziqianyue1",
      "unicode": "e72e",
      "unicode_decimal": 59182
    },
    {
      "icon_id": "15163769",
      "name": "归档管理_normal",
      "font_class": "guidangguanli_normal1",
      "unicode": "e72f",
      "unicode_decimal": 59183
    },
    {
      "icon_id": "15163770",
      "name": "电子签章模版",
      "font_class": "dianziqianzhangmoban",
      "unicode": "e730",
      "unicode_decimal": 59184
    },
    {
      "icon_id": "15163771",
      "name": "归档管理_pressed",
      "font_class": "guidangguanli_pressed1",
      "unicode": "e731",
      "unicode_decimal": 59185
    },
    {
      "icon_id": "15163772",
      "name": "表单模版",
      "font_class": "biaodanmoban",
      "unicode": "e732",
      "unicode_decimal": 59186
    },
    {
      "icon_id": "15163773",
      "name": "模版管理",
      "font_class": "mobanguanli1",
      "unicode": "e733",
      "unicode_decimal": 59187
    },
    {
      "icon_id": "14998722",
      "name": "保密协议",
      "font_class": "baomixieyi",
      "unicode": "e72d",
      "unicode_decimal": 59181
    },
    {
      "icon_id": "14998641",
      "name": "企业列表",
      "font_class": "qiyeliebiao",
      "unicode": "e727",
      "unicode_decimal": 59175
    },
    {
      "icon_id": "14998642",
      "name": "风险提示",
      "font_class": "fengxiantishi1",
      "unicode": "e728",
      "unicode_decimal": 59176
    },
    {
      "icon_id": "14998643",
      "name": "行业配置",
      "font_class": "hangyepeizhi",
      "unicode": "e729",
      "unicode_decimal": 59177
    },
    {
      "icon_id": "14998644",
      "name": "行研管理",
      "font_class": "hangyanguanli",
      "unicode": "e72a",
      "unicode_decimal": 59178
    },
    {
      "icon_id": "14998645",
      "name": "项目管理",
      "font_class": "xiangmuguanli",
      "unicode": "e72b",
      "unicode_decimal": 59179
    },
    {
      "icon_id": "14998646",
      "name": "投资轮次",
      "font_class": "touzilunci",
      "unicode": "e72c",
      "unicode_decimal": 59180
    },
    {
      "icon_id": "14989894",
      "name": "基础数据配置",
      "font_class": "jichushujupeizhi",
      "unicode": "e726",
      "unicode_decimal": 59174
    },
    {
      "icon_id": "14989784",
      "name": "撤销会议",
      "font_class": "chexiaohuiyi",
      "unicode": "e700",
      "unicode_decimal": 59136
    },
    {
      "icon_id": "14989785",
      "name": "拜访记录",
      "font_class": "baifangjilu1",
      "unicode": "e701",
      "unicode_decimal": 59137
    },
    {
      "icon_id": "14989786",
      "name": "导入excel",
      "font_class": "daoruexcel",
      "unicode": "e703",
      "unicode_decimal": 59139
    },
    {
      "icon_id": "14989787",
      "name": "电子签约",
      "font_class": "dianziqianyue",
      "unicode": "e705",
      "unicode_decimal": 59141
    },
    {
      "icon_id": "14989788",
      "name": "更换logo",
      "font_class": "genghuanlogo",
      "unicode": "e709",
      "unicode_decimal": 59145
    },
    {
      "icon_id": "14989789",
      "name": "风险提示",
      "font_class": "fengxiantishi",
      "unicode": "e70a",
      "unicode_decimal": 59146
    },
    {
      "icon_id": "14989790",
      "name": "附件",
      "font_class": "fujian1",
      "unicode": "e70b",
      "unicode_decimal": 59147
    },
    {
      "icon_id": "14989791",
      "name": "更改状态",
      "font_class": "genggaizhuangtai",
      "unicode": "e70d",
      "unicode_decimal": 59149
    },
    {
      "icon_id": "14989792",
      "name": "归档管理_normal",
      "font_class": "guidangguanli_normal",
      "unicode": "e70e",
      "unicode_decimal": 59150
    },
    {
      "icon_id": "14989793",
      "name": "归档管理_pressed",
      "font_class": "guidangguanli_pressed",
      "unicode": "e70f",
      "unicode_decimal": 59151
    },
    {
      "icon_id": "14989794",
      "name": "立项备注",
      "font_class": "lixiangbeizhu",
      "unicode": "e710",
      "unicode_decimal": 59152
    },
    {
      "icon_id": "14989796",
      "name": "模版管理",
      "font_class": "mobanguanli",
      "unicode": "e711",
      "unicode_decimal": 59153
    },
    {
      "icon_id": "14989797",
      "name": "立项",
      "font_class": "lixiang",
      "unicode": "e712",
      "unicode_decimal": 59154
    },
    {
      "icon_id": "14989798",
      "name": "企业管理",
      "font_class": "qiyeguanli1",
      "unicode": "e713",
      "unicode_decimal": 59155
    },
    {
      "icon_id": "14989800",
      "name": "删除-人物",
      "font_class": "shanchu-renwu",
      "unicode": "e714",
      "unicode_decimal": 59156
    },
    {
      "icon_id": "14989801",
      "name": "删除-模块",
      "font_class": "shanchu-mokuai",
      "unicode": "e715",
      "unicode_decimal": 59157
    },
    {
      "icon_id": "14989802",
      "name": "上传",
      "font_class": "shangchuan1",
      "unicode": "e716",
      "unicode_decimal": 59158
    },
    {
      "icon_id": "14989803",
      "name": "上移",
      "font_class": "shangyi",
      "unicode": "e718",
      "unicode_decimal": 59160
    },
    {
      "icon_id": "14989804",
      "name": "授权",
      "font_class": "shouquan",
      "unicode": "e719",
      "unicode_decimal": 59161
    },
    {
      "icon_id": "14989805",
      "name": "添加logo",
      "font_class": "tianjialogo",
      "unicode": "e71a",
      "unicode_decimal": 59162
    },
    {
      "icon_id": "14989806",
      "name": "投资管理2",
      "font_class": "touziguanli21",
      "unicode": "e71b",
      "unicode_decimal": 59163
    },
    {
      "icon_id": "14989807",
      "name": "下移",
      "font_class": "xiayi",
      "unicode": "e71c",
      "unicode_decimal": 59164
    },
    {
      "icon_id": "14989808",
      "name": "添加签章类型",
      "font_class": "tianjiaqianzhangleixing",
      "unicode": "e71e",
      "unicode_decimal": 59166
    },
    {
      "icon_id": "14989809",
      "name": "设置",
      "font_class": "shezhi2",
      "unicode": "e71f",
      "unicode_decimal": 59167
    },
    {
      "icon_id": "14989810",
      "name": "下载",
      "font_class": "xiazai",
      "unicode": "e720",
      "unicode_decimal": 59168
    },
    {
      "icon_id": "14989811",
      "name": "修改",
      "font_class": "xiugai1",
      "unicode": "e721",
      "unicode_decimal": 59169
    },
    {
      "icon_id": "14989812",
      "name": "销项管理",
      "font_class": "xiaoxiangguanli",
      "unicode": "e722",
      "unicode_decimal": 59170
    },
    {
      "icon_id": "14989813",
      "name": "新增",
      "font_class": "xinzeng",
      "unicode": "e723",
      "unicode_decimal": 59171
    },
    {
      "icon_id": "14989814",
      "name": "相关流程",
      "font_class": "xiangguanliucheng",
      "unicode": "e724",
      "unicode_decimal": 59172
    },
    {
      "icon_id": "14989815",
      "name": "在线生成",
      "font_class": "zaixianshengcheng",
      "unicode": "e725",
      "unicode_decimal": 59173
    },
    {
      "icon_id": "14753595",
      "name": "投资管理2",
      "font_class": "touziguanli2",
      "unicode": "e6f7",
      "unicode_decimal": 59127
    },
    {
      "icon_id": "14753596",
      "name": "拜访记录",
      "font_class": "baifangjilu",
      "unicode": "e6f8",
      "unicode_decimal": 59128
    },
    {
      "icon_id": "14753597",
      "name": "企业管理",
      "font_class": "qiyeguanli",
      "unicode": "e6fb",
      "unicode_decimal": 59131
    },
    {
      "icon_id": "14656014",
      "name": "已驳回",
      "font_class": "yibohui",
      "unicode": "e6f5",
      "unicode_decimal": 59125
    },
    {
      "icon_id": "14651737",
      "name": "驳回",
      "font_class": "bohui",
      "unicode": "e6f2",
      "unicode_decimal": 59122
    },
    {
      "icon_id": "14651738",
      "name": "待审批",
      "font_class": "daishenpi",
      "unicode": "e6f3",
      "unicode_decimal": 59123
    },
    {
      "icon_id": "14651739",
      "name": "传阅",
      "font_class": "chuanyue",
      "unicode": "e6f4",
      "unicode_decimal": 59124
    },
    {
      "icon_id": "14651741",
      "name": "打印",
      "font_class": "dayin",
      "unicode": "e6f6",
      "unicode_decimal": 59126
    },
    {
      "icon_id": "14651744",
      "name": "当前状态",
      "font_class": "dangqianzhuangtai",
      "unicode": "e6f9",
      "unicode_decimal": 59129
    },
    {
      "icon_id": "14651745",
      "name": "抄送人",
      "font_class": "chaosongren",
      "unicode": "e6fa",
      "unicode_decimal": 59130
    },
    {
      "icon_id": "14651747",
      "name": "审批人",
      "font_class": "shenpiren",
      "unicode": "e6fc",
      "unicode_decimal": 59132
    },
    {
      "icon_id": "14651748",
      "name": "审批流程",
      "font_class": "shenpiliucheng",
      "unicode": "e6fd",
      "unicode_decimal": 59133
    },
    {
      "icon_id": "14651749",
      "name": "审批详情",
      "font_class": "shenpixiangqing",
      "unicode": "e6fe",
      "unicode_decimal": 59134
    },
    {
      "icon_id": "14651750",
      "name": "说明提示",
      "font_class": "shuomingtishi",
      "unicode": "e6ff",
      "unicode_decimal": 59135
    },
    {
      "icon_id": "14651753",
      "name": "添加人员",
      "font_class": "tianjiarenyuan",
      "unicode": "e702",
      "unicode_decimal": 59138
    },
    {
      "icon_id": "14651755",
      "name": "已审批",
      "font_class": "yishenpi",
      "unicode": "e704",
      "unicode_decimal": 59140
    },
    {
      "icon_id": "14651757",
      "name": "已废弃",
      "font_class": "yifeiqi",
      "unicode": "e706",
      "unicode_decimal": 59142
    },
    {
      "icon_id": "14651759",
      "name": "暂无记录",
      "font_class": "zanwujilu",
      "unicode": "e707",
      "unicode_decimal": 59143
    },
    {
      "icon_id": "14651760",
      "name": "审批通过印章",
      "font_class": "shenpitongguoyinzhang",
      "unicode": "e708",
      "unicode_decimal": 59144
    },
    {
      "icon_id": "14623213",
      "name": "审批_pressed",
      "font_class": "shenpi_pressed",
      "unicode": "e6ea",
      "unicode_decimal": 59114
    },
    {
      "icon_id": "14623214",
      "name": "我审批的",
      "font_class": "woshenpide",
      "unicode": "e6eb",
      "unicode_decimal": 59115
    },
    {
      "icon_id": "14623215",
      "name": "知会我的",
      "font_class": "zhihuiwode",
      "unicode": "e6ec",
      "unicode_decimal": 59116
    },
    {
      "icon_id": "14623216",
      "name": "审批_normal",
      "font_class": "shenpi_normal",
      "unicode": "e6ed",
      "unicode_decimal": 59117
    },
    {
      "icon_id": "14623217",
      "name": "流程监测",
      "font_class": "liuchengjiance",
      "unicode": "e6ee",
      "unicode_decimal": 59118
    },
    {
      "icon_id": "14623218",
      "name": "发起审批",
      "font_class": "faqishenpi",
      "unicode": "e6ef",
      "unicode_decimal": 59119
    },
    {
      "icon_id": "14623219",
      "name": "流程配置",
      "font_class": "liuchengpeizhi",
      "unicode": "e6f0",
      "unicode_decimal": 59120
    },
    {
      "icon_id": "14623220",
      "name": "我申请的",
      "font_class": "woshenqingde",
      "unicode": "e6f1",
      "unicode_decimal": 59121
    },
    {
      "icon_id": "14586136",
      "name": "x (1)",
      "font_class": "x1",
      "unicode": "e6e9",
      "unicode_decimal": 59113
    },
    {
      "icon_id": "14475279",
      "name": "不可用",
      "font_class": "bukeyong",
      "unicode": "e6e8",
      "unicode_decimal": 59112
    },
    {
      "icon_id": "14475207",
      "name": "收起",
      "font_class": "shouqi4",
      "unicode": "e6e6",
      "unicode_decimal": 59110
    },
    {
      "icon_id": "14475208",
      "name": "更多",
      "font_class": "gengduo",
      "unicode": "e6e7",
      "unicode_decimal": 59111
    },
    {
      "icon_id": "14446777",
      "name": "展开",
      "font_class": "zhankai2",
      "unicode": "e6e3",
      "unicode_decimal": 59107
    },
    {
      "icon_id": "14446778",
      "name": "收起",
      "font_class": "shouqi3",
      "unicode": "e6e4",
      "unicode_decimal": 59108
    },
    {
      "icon_id": "14446779",
      "name": "设置",
      "font_class": "shezhi1",
      "unicode": "e6e5",
      "unicode_decimal": 59109
    },
    {
      "icon_id": "14057667",
      "name": "会议室预定",
      "font_class": "huiyishiyuding",
      "unicode": "e6df",
      "unicode_decimal": 59103
    },
    {
      "icon_id": "14057668",
      "name": "会议室_pressed",
      "font_class": "huiyishi_pressed",
      "unicode": "e6e0",
      "unicode_decimal": 59104
    },
    {
      "icon_id": "14057669",
      "name": "会议室_normal",
      "font_class": "huiyishi_normal",
      "unicode": "e6e1",
      "unicode_decimal": 59105
    },
    {
      "icon_id": "14057670",
      "name": "会议室管理",
      "font_class": "huiyishiguanli",
      "unicode": "e6e2",
      "unicode_decimal": 59106
    },
    {
      "icon_id": "13890873",
      "name": "更多@3x",
      "font_class": "gengduox",
      "unicode": "e6ca",
      "unicode_decimal": 59082
    },
    {
      "icon_id": "13890874",
      "name": "全天@3x",
      "font_class": "quantianx",
      "unicode": "e6cc",
      "unicode_decimal": 59084
    },
    {
      "icon_id": "13890875",
      "name": "日程类型@3x",
      "font_class": "richengleixingx",
      "unicode": "e6ce",
      "unicode_decimal": 59086
    },
    {
      "icon_id": "13890876",
      "name": "日历分类@3x",
      "font_class": "rilifenleix",
      "unicode": "e6cf",
      "unicode_decimal": 59087
    },
    {
      "icon_id": "13890877",
      "name": "线下会议室@3x",
      "font_class": "xianxiahuiyishix",
      "unicode": "e6d0",
      "unicode_decimal": 59088
    },
    {
      "icon_id": "13890878",
      "name": "编辑@3x",
      "font_class": "bianjix",
      "unicode": "e6d1",
      "unicode_decimal": 59089
    },
    {
      "icon_id": "13890879",
      "name": "wancheng _pressed@3x",
      "font_class": "wancheng_pressedx",
      "unicode": "e6d2",
      "unicode_decimal": 59090
    },
    {
      "icon_id": "13890880",
      "name": "主题@3x",
      "font_class": "zhutix",
      "unicode": "e6d3",
      "unicode_decimal": 59091
    },
    {
      "icon_id": "13890881",
      "name": "描述@3x",
      "font_class": "miaoshux",
      "unicode": "e6d4",
      "unicode_decimal": 59092
    },
    {
      "icon_id": "13890882",
      "name": "分享转发@3x",
      "font_class": "fenxiangzhuanfax",
      "unicode": "e6d5",
      "unicode_decimal": 59093
    },
    {
      "icon_id": "13890883",
      "name": "提醒开启@3x",
      "font_class": "tixingkaiqix",
      "unicode": "e6d6",
      "unicode_decimal": 59094
    },
    {
      "icon_id": "13890884",
      "name": "pinglun@3x",
      "font_class": "pinglunx",
      "unicode": "e6d7",
      "unicode_decimal": 59095
    },
    {
      "icon_id": "13890885",
      "name": "weiwancheng@3x",
      "font_class": "weiwanchengx",
      "unicode": "e6d8",
      "unicode_decimal": 59096
    },
    {
      "icon_id": "13890886",
      "name": "wancheng@3x",
      "font_class": "wanchengx",
      "unicode": "e6d9",
      "unicode_decimal": 59097
    },
    {
      "icon_id": "13890887",
      "name": "线上会议室@3x",
      "font_class": "xianshanghuiyishix",
      "unicode": "e6da",
      "unicode_decimal": 59098
    },
    {
      "icon_id": "13890888",
      "name": "执行者@3x",
      "font_class": "zhihangzhex",
      "unicode": "e6db",
      "unicode_decimal": 59099
    },
    {
      "icon_id": "13890889",
      "name": "weiwancheng_pressed@3x",
      "font_class": "weiwancheng_pressedx",
      "unicode": "e6dc",
      "unicode_decimal": 59100
    },
    {
      "icon_id": "13890890",
      "name": "提醒关闭@3x",
      "font_class": "tixingguanbix",
      "unicode": "e6dd",
      "unicode_decimal": 59101
    },
    {
      "icon_id": "13890891",
      "name": "地点@3x",
      "font_class": "didianx",
      "unicode": "e6de",
      "unicode_decimal": 59102
    },
    {
      "icon_id": "13351287",
      "name": "募资管理",
      "font_class": "muziguanli",
      "unicode": "e6cb",
      "unicode_decimal": 59083
    },
    {
      "icon_id": "13351042",
      "name": "投资管理",
      "font_class": "touziguanli",
      "unicode": "e6c9",
      "unicode_decimal": 59081
    },
    {
      "icon_id": "13348984",
      "name": "基金管理",
      "font_class": "jijinguanli",
      "unicode": "e6c4",
      "unicode_decimal": 59076
    },
    {
      "icon_id": "13348985",
      "name": "LP门户",
      "font_class": "LPmenhu",
      "unicode": "e6c5",
      "unicode_decimal": 59077
    },
    {
      "icon_id": "13348988",
      "name": "LP库",
      "font_class": "LPku",
      "unicode": "e6c6",
      "unicode_decimal": 59078
    },
    {
      "icon_id": "13348989",
      "name": "退出管理",
      "font_class": "tuichuguanli",
      "unicode": "e6c7",
      "unicode_decimal": 59079
    },
    {
      "icon_id": "13348990",
      "name": "投后管理",
      "font_class": "touhouguanli",
      "unicode": "e6c8",
      "unicode_decimal": 59080
    },
    {
      "icon_id": "12992117",
      "name": "zhishiku_normal",
      "font_class": "zhishiku_normal",
      "unicode": "e6c3",
      "unicode_decimal": 59075
    },
    {
      "icon_id": "12992040",
      "name": "zhiduzhiying",
      "font_class": "zhiduzhiying",
      "unicode": "e6c2",
      "unicode_decimal": 59074
    },
    {
      "icon_id": "12992039",
      "name": "zhishiku_pressed",
      "font_class": "zhishiku_pressed",
      "unicode": "e6c1",
      "unicode_decimal": 59073
    },
    {
      "icon_id": "12992037",
      "name": "zhishiguanli",
      "font_class": "zhishiguanli",
      "unicode": "e6c0",
      "unicode_decimal": 59072
    },
    {
      "icon_id": "12992036",
      "name": "tongjibaobiao",
      "font_class": "tongjibaobiao1",
      "unicode": "e6bf",
      "unicode_decimal": 59071
    },
    {
      "icon_id": "12992035",
      "name": "zhoshiku_normal",
      "font_class": "zhoshiku_normal",
      "unicode": "e6be",
      "unicode_decimal": 59070
    },
    {
      "icon_id": "12992034",
      "name": "zhishifenlei",
      "font_class": "zhishifenlei",
      "unicode": "e6bd",
      "unicode_decimal": 59069
    },
    {
      "icon_id": "12697571",
      "name": "意见反馈_pressed",
      "font_class": "yijianfankui_pressed",
      "unicode": "e6bc",
      "unicode_decimal": 59068
    },
    {
      "icon_id": "12697566",
      "name": "意见反馈_normal",
      "font_class": "yijianfankui_normal",
      "unicode": "e6ba",
      "unicode_decimal": 59066
    },
    {
      "icon_id": "12191794",
      "name": "管理",
      "font_class": "guanli",
      "unicode": "e6b9",
      "unicode_decimal": 59065
    },
    {
      "icon_id": "12150405",
      "name": "跟投_normal备份",
      "font_class": "gentou_normalbeifen1",
      "unicode": "e6aa",
      "unicode_decimal": 59050
    },
    {
      "icon_id": "12150406",
      "name": "附件",
      "font_class": "fujian",
      "unicode": "e6ab",
      "unicode_decimal": 59051
    },
    {
      "icon_id": "12150407",
      "name": "待复核",
      "font_class": "daifuhe",
      "unicode": "e6ac",
      "unicode_decimal": 59052
    },
    {
      "icon_id": "12150408",
      "name": "关闭",
      "font_class": "guanbi2",
      "unicode": "e6ad",
      "unicode_decimal": 59053
    },
    {
      "icon_id": "12150409",
      "name": "跟投项目",
      "font_class": "gentouxiangmu",
      "unicode": "e6ae",
      "unicode_decimal": 59054
    },
    {
      "icon_id": "12150410",
      "name": "日历",
      "font_class": "rili1",
      "unicode": "e6af",
      "unicode_decimal": 59055
    },
    {
      "icon_id": "12150411",
      "name": "跟投_pressed备份",
      "font_class": "gentou_pressedbeifen1",
      "unicode": "e6b0",
      "unicode_decimal": 59056
    },
    {
      "icon_id": "12150412",
      "name": "删除",
      "font_class": "shanchu",
      "unicode": "e6b1",
      "unicode_decimal": 59057
    },
    {
      "icon_id": "12150413",
      "name": "跟投人员",
      "font_class": "gentourenyuan",
      "unicode": "e6b2",
      "unicode_decimal": 59058
    },
    {
      "icon_id": "12150414",
      "name": "收起",
      "font_class": "shouqi2",
      "unicode": "e6b3",
      "unicode_decimal": 59059
    },
    {
      "icon_id": "12150415",
      "name": "统计报表",
      "font_class": "tongjibaobiao",
      "unicode": "e6b4",
      "unicode_decimal": 59060
    },
    {
      "icon_id": "12150416",
      "name": "新建",
      "font_class": "xinjian1",
      "unicode": "e6b5",
      "unicode_decimal": 59061
    },
    {
      "icon_id": "12150417",
      "name": "搜索",
      "font_class": "sousuo1",
      "unicode": "e6b6",
      "unicode_decimal": 59062
    },
    {
      "icon_id": "12150418",
      "name": "修改",
      "font_class": "xiugai",
      "unicode": "e6b7",
      "unicode_decimal": 59063
    },
    {
      "icon_id": "12150419",
      "name": "展开",
      "font_class": "zhankai1",
      "unicode": "e6b8",
      "unicode_decimal": 59064
    },
    {
      "icon_id": "11952496",
      "name": "扫一扫",
      "font_class": "saoyisao",
      "unicode": "e6a9",
      "unicode_decimal": 59049
    },
    {
      "icon_id": "11952445",
      "name": "二维码",
      "font_class": "erweima",
      "unicode": "e6a1",
      "unicode_decimal": 59041
    },
    {
      "icon_id": "11952446",
      "name": "成功",
      "font_class": "chenggong",
      "unicode": "e6a2",
      "unicode_decimal": 59042
    },
    {
      "icon_id": "11952447",
      "name": "反引号",
      "font_class": "fanyinhao",
      "unicode": "e6a3",
      "unicode_decimal": 59043
    },
    {
      "icon_id": "11952448",
      "name": "隐藏",
      "font_class": "yincang1",
      "unicode": "e6a4",
      "unicode_decimal": 59044
    },
    {
      "icon_id": "11952449",
      "name": "pc",
      "font_class": "pc",
      "unicode": "e6a5",
      "unicode_decimal": 59045
    },
    {
      "icon_id": "11952450",
      "name": "刷新",
      "font_class": "shuaxin",
      "unicode": "e6a6",
      "unicode_decimal": 59046
    },
    {
      "icon_id": "11952451",
      "name": "取消隐藏",
      "font_class": "quxiaoyincang",
      "unicode": "e6a7",
      "unicode_decimal": 59047
    },
    {
      "icon_id": "11952452",
      "name": "正引号",
      "font_class": "zhengyinhao",
      "unicode": "e6a8",
      "unicode_decimal": 59048
    },
    {
      "icon_id": "11827129",
      "name": "官网_normal",
      "font_class": "guanwang_normal",
      "unicode": "e69f",
      "unicode_decimal": 59039
    },
    {
      "icon_id": "11827130",
      "name": "官网_pressed",
      "font_class": "guanwang_pressed",
      "unicode": "e6a0",
      "unicode_decimal": 59040
    },
    {
      "icon_id": "11639505",
      "name": "全屏显示",
      "font_class": "quanpingxianshi",
      "unicode": "e69e",
      "unicode_decimal": 59038
    },
    {
      "icon_id": "11129751",
      "name": "我的签到",
      "font_class": "wodeqiandao",
      "unicode": "e69d",
      "unicode_decimal": 59037
    },
    {
      "icon_id": "11129748",
      "name": "我的评分",
      "font_class": "wodepingfen",
      "unicode": "e69c",
      "unicode_decimal": 59036
    },
    {
      "icon_id": "11129740",
      "name": "签到管理",
      "font_class": "qiandaoguanli",
      "unicode": "e69b",
      "unicode_decimal": 59035
    },
    {
      "icon_id": "11129735",
      "name": "评分管理",
      "font_class": "pingfenguanli",
      "unicode": "e69a",
      "unicode_decimal": 59034
    },
    {
      "icon_id": "11118787",
      "name": "评分_pressed",
      "font_class": "pingfen_pressed",
      "unicode": "e699",
      "unicode_decimal": 59033
    },
    {
      "icon_id": "11118756",
      "name": "评分_normal",
      "font_class": "pingfen_normal",
      "unicode": "e698",
      "unicode_decimal": 59032
    },
    {
      "icon_id": "11011152",
      "name": "签到_pressed",
      "font_class": "qiandao_pressed",
      "unicode": "e697",
      "unicode_decimal": 59031
    },
    {
      "icon_id": "5327560",
      "name": "回复",
      "font_class": "huifu",
      "unicode": "e717",
      "unicode_decimal": 59159
    },
    {
      "icon_id": "9974450",
      "name": "邮箱",
      "font_class": "youxiang",
      "unicode": "e70c",
      "unicode_decimal": 59148
    },
    {
      "icon_id": "887915",
      "name": "关注",
      "font_class": "guanzhu",
      "unicode": "e696",
      "unicode_decimal": 59030
    },
    {
      "icon_id": "10443413",
      "name": "跟投_pressed备份",
      "font_class": "gentou_pressedbeifen",
      "unicode": "e694",
      "unicode_decimal": 59028
    },
    {
      "icon_id": "10443414",
      "name": "跟投_normal备份",
      "font_class": "gentou_normalbeifen",
      "unicode": "e695",
      "unicode_decimal": 59029
    },
    {
      "icon_id": "10435697",
      "name": "商旅",
      "font_class": "shanglv",
      "unicode": "e67f",
      "unicode_decimal": 59007
    },
    {
      "icon_id": "10059369",
      "name": "check",
      "font_class": "check",
      "unicode": "e966",
      "unicode_decimal": 59750
    },
    {
      "icon_id": "10403899",
      "name": "分享",
      "font_class": "fenxiang1",
      "unicode": "e66a",
      "unicode_decimal": 58986
    },
    {
      "icon_id": "10403900",
      "name": "公告",
      "font_class": "gonggao",
      "unicode": "e66b",
      "unicode_decimal": 58987
    },
    {
      "icon_id": "10403901",
      "name": "简报",
      "font_class": "jianbao",
      "unicode": "e66c",
      "unicode_decimal": 58988
    },
    {
      "icon_id": "10403902",
      "name": "安卓",
      "font_class": "anzhuo",
      "unicode": "e66d",
      "unicode_decimal": 58989
    },
    {
      "icon_id": "10403903",
      "name": "报销",
      "font_class": "baoxiao",
      "unicode": "e66e",
      "unicode_decimal": 58990
    },
    {
      "icon_id": "10403904",
      "name": "工资条",
      "font_class": "gongzitiao",
      "unicode": "e66f",
      "unicode_decimal": 58991
    },
    {
      "icon_id": "10403905",
      "name": "档案",
      "font_class": "dangan",
      "unicode": "e670",
      "unicode_decimal": 58992
    },
    {
      "icon_id": "10403906",
      "name": "日程_normal",
      "font_class": "richeng_normal",
      "unicode": "e671",
      "unicode_decimal": 58993
    },
    {
      "icon_id": "10403907",
      "name": "发票",
      "font_class": "fapiao",
      "unicode": "e672",
      "unicode_decimal": 58994
    },
    {
      "icon_id": "10403908",
      "name": "目标",
      "font_class": "mubiao",
      "unicode": "e673",
      "unicode_decimal": 58995
    },
    {
      "icon_id": "10403909",
      "name": "日程_pressed",
      "font_class": "richeng_pressed",
      "unicode": "e674",
      "unicode_decimal": 58996
    },
    {
      "icon_id": "10403910",
      "name": "绩效",
      "font_class": "jixiao",
      "unicode": "e675",
      "unicode_decimal": 58997
    },
    {
      "icon_id": "10403911",
      "name": "日程",
      "font_class": "richeng",
      "unicode": "e676",
      "unicode_decimal": 58998
    },
    {
      "icon_id": "10403912",
      "name": "签到",
      "font_class": "qiandao",
      "unicode": "e677",
      "unicode_decimal": 58999
    },
    {
      "icon_id": "10403913",
      "name": "通讯录_pressed",
      "font_class": "tongxunlu_pressed",
      "unicode": "e678",
      "unicode_decimal": 59000
    },
    {
      "icon_id": "10403914",
      "name": "任务",
      "font_class": "renwu",
      "unicode": "e679",
      "unicode_decimal": 59001
    },
    {
      "icon_id": "10403915",
      "name": "会议",
      "font_class": "huiyi",
      "unicode": "e67a",
      "unicode_decimal": 59002
    },
    {
      "icon_id": "10403916",
      "name": "培训",
      "font_class": "peixun",
      "unicode": "e67b",
      "unicode_decimal": 59003
    },
    {
      "icon_id": "10403917",
      "name": "投管_normal",
      "font_class": "touguan_normal",
      "unicode": "e67c",
      "unicode_decimal": 59004
    },
    {
      "icon_id": "10403918",
      "name": "投管_pressed",
      "font_class": "touguan_pressed",
      "unicode": "e67d",
      "unicode_decimal": 59005
    },
    {
      "icon_id": "10403919",
      "name": "书吧",
      "font_class": "shuba",
      "unicode": "e67e",
      "unicode_decimal": 59006
    },
    {
      "icon_id": "10403921",
      "name": "客户",
      "font_class": "kehu",
      "unicode": "e680",
      "unicode_decimal": 59008
    },
    {
      "icon_id": "10403922",
      "name": "通讯录",
      "font_class": "tongxunlu",
      "unicode": "e681",
      "unicode_decimal": 59009
    },
    {
      "icon_id": "10403923",
      "name": "通讯录_normal",
      "font_class": "tongxunlu_normal",
      "unicode": "e682",
      "unicode_decimal": 59010
    },
    {
      "icon_id": "10403924",
      "name": "审批",
      "font_class": "shenpi",
      "unicode": "e683",
      "unicode_decimal": 59011
    },
    {
      "icon_id": "10403925",
      "name": "项目",
      "font_class": "xiangmu",
      "unicode": "e684",
      "unicode_decimal": 59012
    },
    {
      "icon_id": "10403926",
      "name": "投票",
      "font_class": "toupiao",
      "unicode": "e685",
      "unicode_decimal": 59013
    },
    {
      "icon_id": "10403927",
      "name": "应用中心_normal",
      "font_class": "yingyongzhongxin_normal",
      "unicode": "e686",
      "unicode_decimal": 59014
    },
    {
      "icon_id": "10403928",
      "name": "应用中心_pressed",
      "font_class": "yingyongzhongxin_pressed",
      "unicode": "e687",
      "unicode_decimal": 59015
    },
    {
      "icon_id": "10403929",
      "name": "小程序",
      "font_class": "xiaochengxu",
      "unicode": "e688",
      "unicode_decimal": 59016
    },
    {
      "icon_id": "10403930",
      "name": "windows",
      "font_class": "windows",
      "unicode": "e689",
      "unicode_decimal": 59017
    },
    {
      "icon_id": "10403931",
      "name": "考勤",
      "font_class": "kaoqin",
      "unicode": "e68a",
      "unicode_decimal": 59018
    },
    {
      "icon_id": "10403932",
      "name": "网盘",
      "font_class": "wangpan",
      "unicode": "e68b",
      "unicode_decimal": 59019
    },
    {
      "icon_id": "10403933",
      "name": "资产",
      "font_class": "zichan",
      "unicode": "e68c",
      "unicode_decimal": 59020
    },
    {
      "icon_id": "10403934",
      "name": "web",
      "font_class": "web",
      "unicode": "e68d",
      "unicode_decimal": 59021
    },
    {
      "icon_id": "10403935",
      "name": "iphone",
      "font_class": "iphone",
      "unicode": "e68e",
      "unicode_decimal": 59022
    },
    {
      "icon_id": "10403936",
      "name": "账款",
      "font_class": "zhangkuan",
      "unicode": "e68f",
      "unicode_decimal": 59023
    },
    {
      "icon_id": "10403937",
      "name": "问卷",
      "font_class": "wenjuan",
      "unicode": "e690",
      "unicode_decimal": 59024
    },
    {
      "icon_id": "10403938",
      "name": "用印",
      "font_class": "yongyin",
      "unicode": "e691",
      "unicode_decimal": 59025
    },
    {
      "icon_id": "10403939",
      "name": "说吧",
      "font_class": "shuoba",
      "unicode": "e692",
      "unicode_decimal": 59026
    },
    {
      "icon_id": "10403940",
      "name": "macos",
      "font_class": "macos",
      "unicode": "e693",
      "unicode_decimal": 59027
    },
    {
      "icon_id": "1512440",
      "name": "结束",
      "font_class": "jieshu",
      "unicode": "e71d",
      "unicode_decimal": 59165
    },
    {
      "icon_id": "8474278",
      "name": "home",
      "font_class": "home",
      "unicode": "e6bb",
      "unicode_decimal": 59067
    },
    {
      "icon_id": "4848298",
      "name": "上升",
      "font_class": "shangsheng",
      "unicode": "e616",
      "unicode_decimal": 58902
    },
    {
      "icon_id": "4848301",
      "name": "下降",
      "font_class": "xiajiang",
      "unicode": "e617",
      "unicode_decimal": 58903
    },
    {
      "icon_id": "4520332",
      "name": "上传",
      "font_class": "shangchuan",
      "unicode": "e60c",
      "unicode_decimal": 58892
    },
    {
      "icon_id": "1933028",
      "name": "企业",
      "font_class": "company",
      "unicode": "e6cd",
      "unicode_decimal": 59085
    },
    {
      "icon_id": "5121532",
      "name": "部门",
      "font_class": "department",
      "unicode": "e669",
      "unicode_decimal": 58985
    },
    {
      "icon_id": "10313261",
      "name": "放大",
      "font_class": "fangda",
      "unicode": "e65d",
      "unicode_decimal": 58973
    },
    {
      "icon_id": "10313262",
      "name": "复位",
      "font_class": "fuwei",
      "unicode": "e65e",
      "unicode_decimal": 58974
    },
    {
      "icon_id": "10313263",
      "name": "收起02",
      "font_class": "shouqi1",
      "unicode": "e65f",
      "unicode_decimal": 58975
    },
    {
      "icon_id": "10313264",
      "name": "缩小",
      "font_class": "suoxiao",
      "unicode": "e660",
      "unicode_decimal": 58976
    },
    {
      "icon_id": "10313265",
      "name": "添加",
      "font_class": "tianjia2",
      "unicode": "e661",
      "unicode_decimal": 58977
    },
    {
      "icon_id": "10313266",
      "name": "月报",
      "font_class": "yuebao",
      "unicode": "e662",
      "unicode_decimal": 58978
    },
    {
      "icon_id": "10313267",
      "name": "日报",
      "font_class": "ribao",
      "unicode": "e663",
      "unicode_decimal": 58979
    },
    {
      "icon_id": "10313268",
      "name": "暂无简报",
      "font_class": "zanwujianbao",
      "unicode": "e664",
      "unicode_decimal": 58980
    },
    {
      "icon_id": "10313269",
      "name": "展开02",
      "font_class": "zhankai",
      "unicode": "e665",
      "unicode_decimal": 58981
    },
    {
      "icon_id": "10313270",
      "name": "暂无人员",
      "font_class": "zanwurenyuan",
      "unicode": "e666",
      "unicode_decimal": 58982
    },
    {
      "icon_id": "10313271",
      "name": "暂无目标",
      "font_class": "zanwumubiao",
      "unicode": "e667",
      "unicode_decimal": 58983
    },
    {
      "icon_id": "10313272",
      "name": "周报",
      "font_class": "zhoubao",
      "unicode": "e668",
      "unicode_decimal": 58984
    },
    {
      "icon_id": "10282310",
      "name": "隐藏",
      "font_class": "yincang",
      "unicode": "e65a",
      "unicode_decimal": 58970
    },
    {
      "icon_id": "10282311",
      "name": "log",
      "font_class": "logo",
      "unicode": "e65b",
      "unicode_decimal": 58971
    },
    {
      "icon_id": "10282312",
      "name": "font",
      "font_class": "logo-font",
      "unicode": "e65c",
      "unicode_decimal": 58972
    },
    {
      "icon_id": "10234702",
      "name": "bianji",
      "font_class": "bianji",
      "unicode": "e640",
      "unicode_decimal": 58944
    },
    {
      "icon_id": "10234703",
      "name": "dianzan",
      "font_class": "dianzan",
      "unicode": "e641",
      "unicode_decimal": 58945
    },
    {
      "icon_id": "10234704",
      "name": "fenzhi",
      "font_class": "fenzhi",
      "unicode": "e642",
      "unicode_decimal": 58946
    },
    {
      "icon_id": "10234705",
      "name": "guanbi",
      "font_class": "guanbi1",
      "unicode": "e643",
      "unicode_decimal": 58947
    },
    {
      "icon_id": "10234706",
      "name": "guanjianjiedian",
      "font_class": "guanjianjiedian",
      "unicode": "e644",
      "unicode_decimal": 58948
    },
    {
      "icon_id": "10234707",
      "name": "fuzeren",
      "font_class": "fuzeren",
      "unicode": "e646",
      "unicode_decimal": 58950
    },
    {
      "icon_id": "10234708",
      "name": "jindulishi",
      "font_class": "jindulishi",
      "unicode": "e647",
      "unicode_decimal": 58951
    },
    {
      "icon_id": "10234709",
      "name": "huodong",
      "font_class": "huodong",
      "unicode": "e648",
      "unicode_decimal": 58952
    },
    {
      "icon_id": "10234710",
      "name": "pinglun",
      "font_class": "pinglun",
      "unicode": "e649",
      "unicode_decimal": 58953
    },
    {
      "icon_id": "10234711",
      "name": "shanchu",
      "font_class": "delete",
      "unicode": "e64a",
      "unicode_decimal": 58954
    },
    {
      "icon_id": "10234712",
      "name": "shouqi",
      "font_class": "shouqi",
      "unicode": "e64b",
      "unicode_decimal": 58955
    },
    {
      "icon_id": "10234713",
      "name": "sousuo",
      "font_class": "sousuo",
      "unicode": "e64c",
      "unicode_decimal": 58956
    },
    {
      "icon_id": "10234714",
      "name": "fenlei",
      "font_class": "fenlei",
      "unicode": "e64d",
      "unicode_decimal": 58957
    },
    {
      "icon_id": "10234715",
      "name": "rili",
      "font_class": "rili",
      "unicode": "e64e",
      "unicode_decimal": 58958
    },
    {
      "icon_id": "10234716",
      "name": "shuoming",
      "font_class": "shuoming",
      "unicode": "e64f",
      "unicode_decimal": 58959
    },
    {
      "icon_id": "10234717",
      "name": "shezhi",
      "font_class": "shezhi",
      "unicode": "e650",
      "unicode_decimal": 58960
    },
    {
      "icon_id": "10234718",
      "name": "tianjia",
      "font_class": "tianjia1",
      "unicode": "e651",
      "unicode_decimal": 58961
    },
    {
      "icon_id": "10234719",
      "name": "xinjian",
      "font_class": "xinjian",
      "unicode": "e652",
      "unicode_decimal": 58962
    },
    {
      "icon_id": "10234720",
      "name": "pingfen",
      "font_class": "pingfen",
      "unicode": "e653",
      "unicode_decimal": 58963
    },
    {
      "icon_id": "10234721",
      "name": "zhankai",
      "font_class": "arrow-down-2",
      "unicode": "e654",
      "unicode_decimal": 58964
    },
    {
      "icon_id": "10234722",
      "name": "yinhao",
      "font_class": "yinhao",
      "unicode": "e655",
      "unicode_decimal": 58965
    },
    {
      "icon_id": "10234723",
      "name": "tixing",
      "font_class": "tixing",
      "unicode": "e656",
      "unicode_decimal": 58966
    },
    {
      "icon_id": "10234724",
      "name": "zanwupinglun",
      "font_class": "zanwupinglun",
      "unicode": "e657",
      "unicode_decimal": 58967
    },
    {
      "icon_id": "10234725",
      "name": "guanjianjieguo",
      "font_class": "guanjianjieguo",
      "unicode": "e658",
      "unicode_decimal": 58968
    },
    {
      "icon_id": "10234726",
      "name": "fenxiang",
      "font_class": "fenxiang",
      "unicode": "e659",
      "unicode_decimal": 58969
    },
    {
      "icon_id": "8652813",
      "name": "关闭",
      "font_class": "guanbi",
      "unicode": "e645",
      "unicode_decimal": 58949
    },
    {
      "icon_id": "10215158",
      "name": "tianjia_shixin",
      "font_class": "tianjia_shixin",
      "unicode": "e63e",
      "unicode_decimal": 58942
    },
    {
      "icon_id": "10215159",
      "name": "tianjia",
      "font_class": "tianjia",
      "unicode": "e63f",
      "unicode_decimal": 58943
    },
    {
      "icon_id": "10215140",
      "name": "tijiaojianbao",
      "font_class": "tijiaojianbao1",
      "unicode": "e639",
      "unicode_decimal": 58937
    },
    {
      "icon_id": "10215141",
      "name": "chengyuanjianbao",
      "font_class": "chengyuanjianbao1",
      "unicode": "e63a",
      "unicode_decimal": 58938
    },
    {
      "icon_id": "10215142",
      "name": "wodepingshen",
      "font_class": "wodepingshen1",
      "unicode": "e63b",
      "unicode_decimal": 58939
    },
    {
      "icon_id": "10215143",
      "name": "wodejianbao",
      "font_class": "wodejianbao1",
      "unicode": "e63c",
      "unicode_decimal": 58940
    },
    {
      "icon_id": "10215144",
      "name": "genjindewenti",
      "font_class": "genjindewenti1",
      "unicode": "e63d",
      "unicode_decimal": 58941
    },
    {
      "icon_id": "10215135",
      "name": "后台总览",
      "font_class": "houtaizonglan",
      "unicode": "e62e",
      "unicode_decimal": 58926
    },
    {
      "icon_id": "10215136",
      "name": "gerenpianhaoshezhi",
      "font_class": "gerenpianhaoshezhi",
      "unicode": "e636",
      "unicode_decimal": 58934
    },
    {
      "icon_id": "10215137",
      "name": "zhanghaoziliaoshezhi",
      "font_class": "zhanghaoziliaoshezhi",
      "unicode": "e637",
      "unicode_decimal": 58935
    },
    {
      "icon_id": "10215138",
      "name": "dengchu",
      "font_class": "dengchu",
      "unicode": "e638",
      "unicode_decimal": 58936
    },
    {
      "icon_id": "10215125",
      "name": "wodejianbao",
      "font_class": "wodejianbao",
      "unicode": "e631",
      "unicode_decimal": 58929
    },
    {
      "icon_id": "10215126",
      "name": "tijiaojianbao",
      "font_class": "tijiaojianbao",
      "unicode": "e632",
      "unicode_decimal": 58930
    },
    {
      "icon_id": "10215127",
      "name": "chengyuanjianbao",
      "font_class": "chengyuanjianbao",
      "unicode": "e633",
      "unicode_decimal": 58931
    },
    {
      "icon_id": "10215128",
      "name": "genjindewenti",
      "font_class": "genjindewenti",
      "unicode": "e634",
      "unicode_decimal": 58932
    },
    {
      "icon_id": "10215129",
      "name": "wodepingshen",
      "font_class": "wodepingshen",
      "unicode": "e635",
      "unicode_decimal": 58933
    },
    {
      "icon_id": "10215102",
      "name": "chengyuanguanli",
      "font_class": "chengyuanguanli",
      "unicode": "e62d",
      "unicode_decimal": 58925
    },
    {
      "icon_id": "10215104",
      "name": "juseguanli",
      "font_class": "juseguanli",
      "unicode": "e62f",
      "unicode_decimal": 58927
    },
    {
      "icon_id": "10215105",
      "name": "zhanghuguanli",
      "font_class": "zhanghuguanli",
      "unicode": "e630",
      "unicode_decimal": 58928
    },
    {
      "icon_id": "10213400",
      "name": "草稿箱",
      "font_class": "caogaoxiang",
      "unicode": "e625",
      "unicode_decimal": 58917
    },
    {
      "icon_id": "10213401",
      "name": "进度报告",
      "font_class": "jindubaogao",
      "unicode": "e626",
      "unicode_decimal": 58918
    },
    {
      "icon_id": "10213402",
      "name": "全部目标",
      "font_class": "quanbumubiao",
      "unicode": "e627",
      "unicode_decimal": 58919
    },
    {
      "icon_id": "10213403",
      "name": "评分报告",
      "font_class": "pingfenbaogao",
      "unicode": "e628",
      "unicode_decimal": 58920
    },
    {
      "icon_id": "10213404",
      "name": "周期管理",
      "font_class": "zhouqiguanli",
      "unicode": "e629",
      "unicode_decimal": 58921
    },
    {
      "icon_id": "10213405",
      "name": "我的目标",
      "font_class": "wodemubiao",
      "unicode": "e62a",
      "unicode_decimal": 58922
    },
    {
      "icon_id": "10213406",
      "name": "目标关系树",
      "font_class": "mubiaoguanxishu",
      "unicode": "e62b",
      "unicode_decimal": 58923
    },
    {
      "icon_id": "10213407",
      "name": "运营报告",
      "font_class": "yunyingbaogao",
      "unicode": "e62c",
      "unicode_decimal": 58924
    },
    {
      "icon_id": "10213392",
      "name": "renwu_normal",
      "font_class": "renwu_normal",
      "unicode": "e624",
      "unicode_decimal": 58916
    },
    {
      "icon_id": "10213385",
      "name": "jianbao_normal",
      "font_class": "jianbao_normal",
      "unicode": "e61d",
      "unicode_decimal": 58909
    },
    {
      "icon_id": "10213386",
      "name": "jianbao_pressed",
      "font_class": "jianbao_pressed",
      "unicode": "e61e",
      "unicode_decimal": 58910
    },
    {
      "icon_id": "10213387",
      "name": "mubiao_pressed",
      "font_class": "mubiao_pressed",
      "unicode": "e61f",
      "unicode_decimal": 58911
    },
    {
      "icon_id": "10213388",
      "name": "mubiao_normal",
      "font_class": "mubiao_normal",
      "unicode": "e620",
      "unicode_decimal": 58912
    },
    {
      "icon_id": "10213389",
      "name": "renwu_pressed",
      "font_class": "renwu_pressed",
      "unicode": "e621",
      "unicode_decimal": 58913
    },
    {
      "icon_id": "10213390",
      "name": "xiaoxi_normal",
      "font_class": "xiaoxi_normal",
      "unicode": "e622",
      "unicode_decimal": 58914
    },
    {
      "icon_id": "10213391",
      "name": "xiaoxi_pressed",
      "font_class": "xiaoxi_pressed",
      "unicode": "e623",
      "unicode_decimal": 58915
    }
  ]
}
